{"cameraMode":{"drawMode":0,"name":"Shaded","section":"Shading Mode"},"sceneLighting":true,"audioPlay":false,"sceneViewState":{"m_AlwaysRefresh":false,"showFog":true,"showSkybox":true,"showFlares":true,"showImageEffects":true,"showParticleSystems":true,"showVisualEffectGraphs":true,"m_FxEnabled":true},"in2DMode":false,"pivot":{"x":-0.7131776809692383,"y":0.07032108306884766,"z":0.9938445091247559},"rotation":{"x":-0.19895097613334657,"y":-0.19204412400722505,"z":0.03979239985346794,"w":-0.9601879715919495},"size":4.45969295501709,"orthographic":false}